Costumer Name,Costumer CPF,Adress,Number
Aaron Jimenez,83365438999,9251 Molly I,(34)93213093
Alexander Jones,65743879198,744 James Ha,(13)96931726
Alicia Bradley,89493057435,44974 Johnso,(33)96251652
Andrea David,12811467156,356 Gould Wa,(17)95526944
Andrew Jordan,85075041840,12261 Moody ,(13)97014169
Arthur,1,Jm,9884559
Bobby Chang,48803653039,16274 Myers ,(17)92883739
Brad Townsend,37292187201,1107 Christo,(15)96242904
Brandon Smith,87714984820,509 Fischer ,(28)96075369
Brandon Warner,68490314871,72466 Jackso,(31)97474518
Brenda Hayden,88564159233,106 Cruz Har,(19)95332291
Carla Harris,47394216734,575 Williams,(35)93242702
Casey Rowe,39044797258,16135 Bennet,(19)94614843
Christopher Murray,97727351389,PSC 8697- Bo,(15)94741609
Crystal Russell,58096493876,219 Jones Fa,(17)96384834
Daniel Silva,17321500208,7039 Gardner,(31)99367235
David Lowery,32743356829,Unit 2637 Bo,(31)98407063
David Lowery,51980456643,7979 Torres ,(21)97954853
David Walker,19266244168,37154 Misty ,(38)92163207
Deborah Baird,27435145263,0976 Martin ,(41)93531213
Dennis Jones,64757900222,12416 Shaw H,(24)91361916
Erin Mcgrath,67632805818,388 Anita Br,(11)98687955
Erin Russell,55168222117,921 Robert P,(31)96027844
Gabrielle Lam,82685546036,19362 Guerre,(15)92212288
Holly Singleton,60027462441,88198 Rose W,(33)98881365
Isaiah Jones,70578085705,705 Chaney S,(31)96013349
Jack Buckley,67751668173,"USS Taylor
F",(15)92504098
Jaime Johnson,48145716074,62445 Kevin ,(18)97257184
James Todd MD,18560474149,6795 Anthony,(13)99091357
Jamie Moore,69476502723,0981 David C,(41)97295482
Janice Moore,29949335977,Unit 9151 Bo,(17)98840850
Jeffery Bailey,78082376650,829 Walker V,(37)95011611
Jeffery Smith,52744047471,68565 Taylor,(24)92692238
Jeffrey Scott,33880170307,2977 Gutierr,(13)93213371
Jennifer Sparks,71284016627,212 Andrew D,(28)94372430
John Mccall,64395135530,182 Cox Curv,(16)93926132
Johnathan Green,94096788965,6340 Miller ,(34)94202206
Joseph Jackson,56596283782,3572 Francis,(16)98038732
Karen Stewart,42857615181,06949 Davis ,(18)98173491
Kenneth Rojas,99119741567,5298 Travis ,(13)94519269
Kevin Espinoza,53077824909,839 Hall Fer,(28)91087504
Kevin Williams,44766226667,8365 Alice A,(41)91241966
Leslie Pope,32999781638,686 Elizabet,(37)92559286
Linda Donaldson,85789520759,46685 Simpso,(38)94166601
Lisa Harris,51658537102,0285 Yang Ca,(12)95450743
Lori Walker,74901810510,0135 Gould V,(22)91240756
Lori Wall,36935070646,8699 Carlson,(22)93429056
Martha Taylor,23931283768,44461 Cruz S,(28)95184716
Mary Perez,51315831316,017 Nolan Sq,(37)93709890
Melinda Williamson,71055417356,51190 Dunn T,(12)92893951
Melissa Harrison,74347010564,"USNS Byrd
FP",(38)95718416
Michael Howard,25571686099,6066 Melvin ,(34)93606426
Michele Gutierrez,97703614364,108 Vaughn S,(12)94139217
Mindy Kent,24088509992,5719 Larry B,(41)97201436
Mr. John Hoffman,90987989032,45624 May Co,(18)93400661
Natalie Matthews,87141497348,32991 Chad R,(32)94075428
Nathan Blankenship,32724517410,41173 Amy Co,(11)99622739
Nicholas Lopez,47333329359,9391 Matthew,(28)94306374
Rebecca Horton,30813593656,122 Chavez P,(31)97722958
Rhonda Johnson,64789536655,2904 Alicia ,(16)98687130
Rhonda Weaver,34015242717,446 Robin Cl,(32)95985255
Richard Kramer,61693669871,0777 Kelly P,(22)93060085
Richard Melendez,27176069348,009 Lee Radi,(33)91951835
Robert Lyons,74276058842,1292 Bob Cur,(13)98156497
Robert Taylor,25809929042,3444 Mcintos,(16)91110825
Robin Tran,47811269349,678 Young Hi,(41)91492185
Ryan Tate,42007559323,015 Courtney,(34)99844288
Sandra Novak,62562185859,894 Diana Tr,(32)96494940
Sara Gonzalez,13171212800,9950 Brian M,(18)91946271
Sarah Martin,87227573234,53906 Diane ,(33)97019613
Scott Wolfe,86305424288,38189 Garret,(28)91072033
Shane Carpenter,31421310629,7142 Scott U,(18)96163616
Stanley Nicholson,76647280133,46577 Allen ,(35)96368812
Taylor Levine,72680230797,USNS Cochran,(14)95760131
Thomas Cameron,20803778775,695 Samantha,(12)95559713
Thomas Jones,35723679079,2142 Jerry D,(41)98740951
Trevor Clark,92717725328,35682 Maldon,(18)99702565
Trevor Gray,83302536735,587 Martin O,(24)99940772
Wanda Hall,73092763294,910 Lee Circ,(14)96110681
William Smith,52761342908,8025 Edward ,(15)99601222
Zachary Molina,51980501038,7519 Evans S,(33)95211938
